{"version": 1, "world": [{"name": "at", "arguments": [{"name": "P", "type": "P"}, {"name": "r_0", "type": "r"}]}, {"name": "at", "arguments": [{"name": "c_0", "type": "c"}, {"name": "r_0", "type": "r"}]}, {"name": "at", "arguments": [{"name": "c_1", "type": "c"}, {"name": "r_0", "type": "r"}]}, {"name": "at", "arguments": [{"name": "c_2", "type": "c"}, {"name": "r_1", "type": "r"}]}, {"name": "at", "arguments": [{"name": "c_3", "type": "c"}, {"name": "r_3", "type": "r"}]}, {"name": "at", "arguments": [{"name": "c_4", "type": "c"}, {"name": "r_3", "type": "r"}]}, {"name": "at", "arguments": [{"name": "f_3", "type": "f"}, {"name": "r_5", "type": "r"}]}, {"name": "at", "arguments": [{"name": "f_4", "type": "f"}, {"name": "r_5", "type": "r"}]}, {"name": "at", "arguments": [{"name": "f_5", "type": "f"}, {"name": "r_5", "type": "r"}]}, {"name": "at", "arguments": [{"name": "o_3", "type": "o"}, {"name": "r_5", "type": "r"}]}, {"name": "at", "arguments": [{"name": "s_0", "type": "s"}, {"name": "r_0", "type": "r"}]}, {"name": "at", "arguments": [{"name": "s_1", "type": "s"}, {"name": "r_1", "type": "r"}]}, {"name": "at", "arguments": [{"name": "s_10", "type": "s"}, {"name": "r_4", "type": "r"}]}, {"name": "at", "arguments": [{"name": "s_2", "type": "s"}, {"name": "r_1", "type": "r"}]}, {"name": "at", "arguments": [{"name": "s_3", "type": "s"}, {"name": "r_1", "type": "r"}]}, {"name": "at", "arguments": [{"name": "s_4", "type": "s"}, {"name": "r_3", "type": "r"}]}, {"name": "at", "arguments": [{"name": "s_5", "type": "s"}, {"name": "r_2", "type": "r"}]}, {"name": "at", "arguments": [{"name": "s_6", "type": "s"}, {"name": "r_2", "type": "r"}]}, {"name": "at", "arguments": [{"name": "s_7", "type": "s"}, {"name": "r_2", "type": "r"}]}, {"name": "at", "arguments": [{"name": "s_8", "type": "s"}, {"name": "r_4", "type": "r"}]}, {"name": "at", "arguments": [{"name": "s_9", "type": "s"}, {"name": "r_4", "type": "r"}]}, {"name": "closed", "arguments": [{"name": "c_0", "type": "c"}]}, {"name": "closed", "arguments": [{"name": "c_1", "type": "c"}]}, {"name": "closed", "arguments": [{"name": "c_2", "type": "c"}]}, {"name": "closed", "arguments": [{"name": "c_3", "type": "c"}]}, {"name": "closed", "arguments": [{"name": "c_4", "type": "c"}]}, {"name": "closed", "arguments": [{"name": "d_1", "type": "d"}]}, {"name": "east_of", "arguments": [{"name": "r_1", "type": "r"}, {"name": "r_0", "type": "r"}]}, {"name": "east_of", "arguments": [{"name": "r_4", "type": "r"}, {"name": "r_1", "type": "r"}]}, {"name": "edible", "arguments": [{"name": "f_0", "type": "f"}]}, {"name": "edible", "arguments": [{"name": "f_1", "type": "f"}]}, {"name": "edible", "arguments": [{"name": "f_2", "type": "f"}]}, {"name": "edible", "arguments": [{"name": "f_3", "type": "f"}]}, {"name": "edible", "arguments": [{"name": "f_4", "type": "f"}]}, {"name": "edible", "arguments": [{"name": "f_5", "type": "f"}]}, {"name": "free", "arguments": [{"name": "r_1", "type": "r"}, {"name": "r_2", "type": "r"}]}, {"name": "free", "arguments": [{"name": "r_1", "type": "r"}, {"name": "r_3", "type": "r"}]}, {"name": "free", "arguments": [{"name": "r_2", "type": "r"}, {"name": "r_1", "type": "r"}]}, {"name": "free", "arguments": [{"name": "r_3", "type": "r"}, {"name": "r_1", "type": "r"}]}, {"name": "free", "arguments": [{"name": "r_4", "type": "r"}, {"name": "r_5", "type": "r"}]}, {"name": "free", "arguments": [{"name": "r_5", "type": "r"}, {"name": "r_4", "type": "r"}]}, {"name": "in", "arguments": [{"name": "f_0", "type": "f"}, {"name": "c_2", "type": "c"}]}, {"name": "in", "arguments": [{"name": "f_1", "type": "f"}, {"name": "c_2", "type": "c"}]}, {"name": "in", "arguments": [{"name": "k_0", "type": "k"}, {"name": "c_0", "type": "c"}]}, {"name": "in", "arguments": [{"name": "o_1", "type": "o"}, {"name": "c_4", "type": "c"}]}, {"name": "link", "arguments": [{"name": "r_0", "type": "r"}, {"name": "d_0", "type": "d"}, {"name": "r_1", "type": "r"}]}, {"name": "link", "arguments": [{"name": "r_1", "type": "r"}, {"name": "d_0", "type": "d"}, {"name": "r_0", "type": "r"}]}, {"name": "link", "arguments": [{"name": "r_1", "type": "r"}, {"name": "d_1", "type": "d"}, {"name": "r_4", "type": "r"}]}, {"name": "link", "arguments": [{"name": "r_4", "type": "r"}, {"name": "d_1", "type": "d"}, {"name": "r_1", "type": "r"}]}, {"name": "locked", "arguments": [{"name": "d_0", "type": "d"}]}, {"name": "match", "arguments": [{"name": "k_0", "type": "k"}, {"name": "d_0", "type": "d"}]}, {"name": "north_of", "arguments": [{"name": "r_1", "type": "r"}, {"name": "r_2", "type": "r"}]}, {"name": "north_of", "arguments": [{"name": "r_3", "type": "r"}, {"name": "r_1", "type": "r"}]}, {"name": "north_of", "arguments": [{"name": "r_4", "type": "r"}, {"name": "r_5", "type": "r"}]}, {"name": "on", "arguments": [{"name": "f_2", "type": "f"}, {"name": "s_5", "type": "s"}]}, {"name": "on", "arguments": [{"name": "o_0", "type": "o"}, {"name": "s_4", "type": "s"}]}, {"name": "on", "arguments": [{"name": "o_2", "type": "o"}, {"name": "s_6", "type": "s"}]}, {"name": "on", "arguments": [{"name": "o_4", "type": "o"}, {"name": "s_3", "type": "s"}]}, {"name": "south_of", "arguments": [{"name": "r_1", "type": "r"}, {"name": "r_3", "type": "r"}]}, {"name": "south_of", "arguments": [{"name": "r_2", "type": "r"}, {"name": "r_1", "type": "r"}]}, {"name": "south_of", "arguments": [{"name": "r_5", "type": "r"}, {"name": "r_4", "type": "r"}]}, {"name": "west_of", "arguments": [{"name": "r_0", "type": "r"}, {"name": "r_1", "type": "r"}]}, {"name": "west_of", "arguments": [{"name": "r_1", "type": "r"}, {"name": "r_4", "type": "r"}]}], "grammar": {"theme": "house", "names_to_exclude": ["half of a bag of chips", "counter", "bath", null, "kitchen", "bell pepper", "bbq", "milk", "couch", "wooden door", "apple", "patio table", "bathroom", "lettuce", "garden", "refrigerator", "backyard", "stove", "shovel", "set of chairs", "chest drawer", "remote", "sink", "old key", "kitchen island", "soap bar", "tv", "screen door", "king-size bed", "low table", "toilet", "toothbrush", "antique trunk", "tomato plant", "note", "bedroom", "living room"], "include_adj": false, "blend_descriptions": false, "ambiguous_instructions": false, "only_last_action": false, "blend_instructions": false, "allowed_variables_numbering": false, "unique_expansion": false}, "quests": [{"desc": "", "reward": 1, "commands": ["open chest drawer", "take old key from chest drawer", "unlock wooden door with old key", "open wooden door", "go east", "open screen door", "go east", "go south", "take apple", "go north", "go west", "put apple on stove"], "win_events": [{"commands": ["open chest drawer", "take old key from chest drawer", "unlock wooden door with old key", "open wooden door", "go east", "open screen door", "go east", "go south", "take apple", "go north", "go west", "put apple on stove"], "actions": [{"name": "open/c", "preconditions": [{"name": "at", "arguments": [{"name": "P", "type": "P"}, {"name": "r_0", "type": "r"}]}, {"name": "at", "arguments": [{"name": "c_0", "type": "c"}, {"name": "r_0", "type": "r"}]}, {"name": "closed", "arguments": [{"name": "c_0", "type": "c"}]}], "postconditions": [{"name": "at", "arguments": [{"name": "P", "type": "P"}, {"name": "r_0", "type": "r"}]}, {"name": "at", "arguments": [{"name": "c_0", "type": "c"}, {"name": "r_0", "type": "r"}]}, {"name": "open", "arguments": [{"name": "c_0", "type": "c"}]}], "command_template": "open {c_0}", "reverse_name": "close/c", "reverse_command_template": "close {c_0}"}, {"name": "take/c", "preconditions": [{"name": "at", "arguments": [{"name": "P", "type": "P"}, {"name": "r_0", "type": "r"}]}, {"name": "at", "arguments": [{"name": "c_0", "type": "c"}, {"name": "r_0", "type": "r"}]}, {"name": "open", "arguments": [{"name": "c_0", "type": "c"}]}, {"name": "in", "arguments": [{"name": "k_0", "type": "k"}, {"name": "c_0", "type": "c"}]}], "postconditions": [{"name": "at", "arguments": [{"name": "P", "type": "P"}, {"name": "r_0", "type": "r"}]}, {"name": "at", "arguments": [{"name": "c_0", "type": "c"}, {"name": "r_0", "type": "r"}]}, {"name": "open", "arguments": [{"name": "c_0", "type": "c"}]}, {"name": "in", "arguments": [{"name": "k_0", "type": "k"}, {"name": "I", "type": "I"}]}], "command_template": "take {k_0} from {c_0}", "reverse_name": "insert", "reverse_command_template": "insert {k_0} into {c_0}"}, {"name": "unlock/d", "preconditions": [{"name": "at", "arguments": [{"name": "P", "type": "P"}, {"name": "r_0", "type": "r"}]}, {"name": "link", "arguments": [{"name": "r_0", "type": "r"}, {"name": "d_0", "type": "d"}, {"name": "r_1", "type": "r"}]}, {"name": "link", "arguments": [{"name": "r_1", "type": "r"}, {"name": "d_0", "type": "d"}, {"name": "r_0", "type": "r"}]}, {"name": "in", "arguments": [{"name": "k_0", "type": "k"}, {"name": "I", "type": "I"}]}, {"name": "match", "arguments": [{"name": "k_0", "type": "k"}, {"name": "d_0", "type": "d"}]}, {"name": "locked", "arguments": [{"name": "d_0", "type": "d"}]}], "postconditions": [{"name": "at", "arguments": [{"name": "P", "type": "P"}, {"name": "r_0", "type": "r"}]}, {"name": "link", "arguments": [{"name": "r_0", "type": "r"}, {"name": "d_0", "type": "d"}, {"name": "r_1", "type": "r"}]}, {"name": "link", "arguments": [{"name": "r_1", "type": "r"}, {"name": "d_0", "type": "d"}, {"name": "r_0", "type": "r"}]}, {"name": "in", "arguments": [{"name": "k_0", "type": "k"}, {"name": "I", "type": "I"}]}, {"name": "match", "arguments": [{"name": "k_0", "type": "k"}, {"name": "d_0", "type": "d"}]}, {"name": "closed", "arguments": [{"name": "d_0", "type": "d"}]}], "command_template": "unlock {d_0} with {k_0}", "reverse_name": "lock/d", "reverse_command_template": "lock {d_0} with {k_0}"}, {"name": "open/d", "preconditions": [{"name": "at", "arguments": [{"name": "P", "type": "P"}, {"name": "r_0", "type": "r"}]}, {"name": "link", "arguments": [{"name": "r_0", "type": "r"}, {"name": "d_0", "type": "d"}, {"name": "r_1", "type": "r"}]}, {"name": "link", "arguments": [{"name": "r_1", "type": "r"}, {"name": "d_0", "type": "d"}, {"name": "r_0", "type": "r"}]}, {"name": "closed", "arguments": [{"name": "d_0", "type": "d"}]}], "postconditions": [{"name": "at", "arguments": [{"name": "P", "type": "P"}, {"name": "r_0", "type": "r"}]}, {"name": "link", "arguments": [{"name": "r_0", "type": "r"}, {"name": "d_0", "type": "d"}, {"name": "r_1", "type": "r"}]}, {"name": "link", "arguments": [{"name": "r_1", "type": "r"}, {"name": "d_0", "type": "d"}, {"name": "r_0", "type": "r"}]}, {"name": "open", "arguments": [{"name": "d_0", "type": "d"}]}, {"name": "free", "arguments": [{"name": "r_0", "type": "r"}, {"name": "r_1", "type": "r"}]}, {"name": "free", "arguments": [{"name": "r_1", "type": "r"}, {"name": "r_0", "type": "r"}]}], "command_template": "open {d_0}", "reverse_name": "close/d", "reverse_command_template": "close {d_0}"}, {"name": "go/east", "preconditions": [{"name": "at", "arguments": [{"name": "P", "type": "P"}, {"name": "r_0", "type": "r"}]}, {"name": "west_of", "arguments": [{"name": "r_0", "type": "r"}, {"name": "r_1", "type": "r"}]}, {"name": "free", "arguments": [{"name": "r_0", "type": "r"}, {"name": "r_1", "type": "r"}]}, {"name": "free", "arguments": [{"name": "r_1", "type": "r"}, {"name": "r_0", "type": "r"}]}], "postconditions": [{"name": "west_of", "arguments": [{"name": "r_0", "type": "r"}, {"name": "r_1", "type": "r"}]}, {"name": "free", "arguments": [{"name": "r_0", "type": "r"}, {"name": "r_1", "type": "r"}]}, {"name": "free", "arguments": [{"name": "r_1", "type": "r"}, {"name": "r_0", "type": "r"}]}, {"name": "at", "arguments": [{"name": "P", "type": "P"}, {"name": "r_1", "type": "r"}]}], "command_template": "go east", "reverse_name": "go/west", "reverse_command_template": "go west"}, {"name": "open/d", "preconditions": [{"name": "at", "arguments": [{"name": "P", "type": "P"}, {"name": "r_1", "type": "r"}]}, {"name": "link", "arguments": [{"name": "r_1", "type": "r"}, {"name": "d_1", "type": "d"}, {"name": "r_4", "type": "r"}]}, {"name": "link", "arguments": [{"name": "r_4", "type": "r"}, {"name": "d_1", "type": "d"}, {"name": "r_1", "type": "r"}]}, {"name": "closed", "arguments": [{"name": "d_1", "type": "d"}]}], "postconditions": [{"name": "at", "arguments": [{"name": "P", "type": "P"}, {"name": "r_1", "type": "r"}]}, {"name": "link", "arguments": [{"name": "r_1", "type": "r"}, {"name": "d_1", "type": "d"}, {"name": "r_4", "type": "r"}]}, {"name": "link", "arguments": [{"name": "r_4", "type": "r"}, {"name": "d_1", "type": "d"}, {"name": "r_1", "type": "r"}]}, {"name": "open", "arguments": [{"name": "d_1", "type": "d"}]}, {"name": "free", "arguments": [{"name": "r_1", "type": "r"}, {"name": "r_4", "type": "r"}]}, {"name": "free", "arguments": [{"name": "r_4", "type": "r"}, {"name": "r_1", "type": "r"}]}], "command_template": "open {d_1}", "reverse_name": "close/d", "reverse_command_template": "close {d_1}"}, {"name": "go/east", "preconditions": [{"name": "at", "arguments": [{"name": "P", "type": "P"}, {"name": "r_1", "type": "r"}]}, {"name": "west_of", "arguments": [{"name": "r_1", "type": "r"}, {"name": "r_4", "type": "r"}]}, {"name": "free", "arguments": [{"name": "r_1", "type": "r"}, {"name": "r_4", "type": "r"}]}, {"name": "free", "arguments": [{"name": "r_4", "type": "r"}, {"name": "r_1", "type": "r"}]}], "postconditions": [{"name": "west_of", "arguments": [{"name": "r_1", "type": "r"}, {"name": "r_4", "type": "r"}]}, {"name": "free", "arguments": [{"name": "r_1", "type": "r"}, {"name": "r_4", "type": "r"}]}, {"name": "free", "arguments": [{"name": "r_4", "type": "r"}, {"name": "r_1", "type": "r"}]}, {"name": "at", "arguments": [{"name": "P", "type": "P"}, {"name": "r_4", "type": "r"}]}], "command_template": "go east", "reverse_name": "go/west", "reverse_command_template": "go west"}, {"name": "go/south", "preconditions": [{"name": "at", "arguments": [{"name": "P", "type": "P"}, {"name": "r_4", "type": "r"}]}, {"name": "north_of", "arguments": [{"name": "r_4", "type": "r"}, {"name": "r_5", "type": "r"}]}, {"name": "free", "arguments": [{"name": "r_4", "type": "r"}, {"name": "r_5", "type": "r"}]}, {"name": "free", "arguments": [{"name": "r_5", "type": "r"}, {"name": "r_4", "type": "r"}]}], "postconditions": [{"name": "north_of", "arguments": [{"name": "r_4", "type": "r"}, {"name": "r_5", "type": "r"}]}, {"name": "free", "arguments": [{"name": "r_4", "type": "r"}, {"name": "r_5", "type": "r"}]}, {"name": "free", "arguments": [{"name": "r_5", "type": "r"}, {"name": "r_4", "type": "r"}]}, {"name": "at", "arguments": [{"name": "P", "type": "P"}, {"name": "r_5", "type": "r"}]}], "command_template": "go south", "reverse_name": "go/north", "reverse_command_template": "go north"}, {"name": "take", "preconditions": [{"name": "at", "arguments": [{"name": "P", "type": "P"}, {"name": "r_5", "type": "r"}]}, {"name": "at", "arguments": [{"name": "f_3", "type": "f"}, {"name": "r_5", "type": "r"}]}], "postconditions": [{"name": "at", "arguments": [{"name": "P", "type": "P"}, {"name": "r_5", "type": "r"}]}, {"name": "in", "arguments": [{"name": "f_3", "type": "f"}, {"name": "I", "type": "I"}]}], "command_template": "take {f_3}", "reverse_name": "drop", "reverse_command_template": "drop {f_3}"}, {"name": "go/north", "preconditions": [{"name": "at", "arguments": [{"name": "P", "type": "P"}, {"name": "r_5", "type": "r"}]}, {"name": "north_of", "arguments": [{"name": "r_4", "type": "r"}, {"name": "r_5", "type": "r"}]}, {"name": "free", "arguments": [{"name": "r_5", "type": "r"}, {"name": "r_4", "type": "r"}]}, {"name": "free", "arguments": [{"name": "r_4", "type": "r"}, {"name": "r_5", "type": "r"}]}], "postconditions": [{"name": "north_of", "arguments": [{"name": "r_4", "type": "r"}, {"name": "r_5", "type": "r"}]}, {"name": "free", "arguments": [{"name": "r_5", "type": "r"}, {"name": "r_4", "type": "r"}]}, {"name": "free", "arguments": [{"name": "r_4", "type": "r"}, {"name": "r_5", "type": "r"}]}, {"name": "at", "arguments": [{"name": "P", "type": "P"}, {"name": "r_4", "type": "r"}]}], "command_template": "go north", "reverse_name": "go/south", "reverse_command_template": "go south"}, {"name": "go/west", "preconditions": [{"name": "at", "arguments": [{"name": "P", "type": "P"}, {"name": "r_4", "type": "r"}]}, {"name": "west_of", "arguments": [{"name": "r_1", "type": "r"}, {"name": "r_4", "type": "r"}]}, {"name": "free", "arguments": [{"name": "r_4", "type": "r"}, {"name": "r_1", "type": "r"}]}, {"name": "free", "arguments": [{"name": "r_1", "type": "r"}, {"name": "r_4", "type": "r"}]}], "postconditions": [{"name": "west_of", "arguments": [{"name": "r_1", "type": "r"}, {"name": "r_4", "type": "r"}]}, {"name": "free", "arguments": [{"name": "r_4", "type": "r"}, {"name": "r_1", "type": "r"}]}, {"name": "free", "arguments": [{"name": "r_1", "type": "r"}, {"name": "r_4", "type": "r"}]}, {"name": "at", "arguments": [{"name": "P", "type": "P"}, {"name": "r_1", "type": "r"}]}], "command_template": "go west", "reverse_name": "go/east", "reverse_command_template": "go east"}, {"name": "put", "preconditions": [{"name": "at", "arguments": [{"name": "P", "type": "P"}, {"name": "r_1", "type": "r"}]}, {"name": "at", "arguments": [{"name": "s_2", "type": "s"}, {"name": "r_1", "type": "r"}]}, {"name": "in", "arguments": [{"name": "f_3", "type": "f"}, {"name": "I", "type": "I"}]}], "postconditions": [{"name": "at", "arguments": [{"name": "P", "type": "P"}, {"name": "r_1", "type": "r"}]}, {"name": "at", "arguments": [{"name": "s_2", "type": "s"}, {"name": "r_1", "type": "r"}]}, {"name": "on", "arguments": [{"name": "f_3", "type": "f"}, {"name": "s_2", "type": "s"}]}], "command_template": "put {f_3} on {s_2}", "reverse_name": "take/s", "reverse_command_template": "take {f_3} from {s_2}"}], "condition": {"name": "trigger", "preconditions": [{"name": "on", "arguments": [{"name": "f_3", "type": "f"}, {"name": "s_2", "type": "s"}]}], "postconditions": [{"name": "on", "arguments": [{"name": "f_3", "type": "f"}, {"name": "s_2", "type": "s"}]}, {"name": "event", "arguments": [{"name": "f_3", "type": "f"}, {"name": "s_2", "type": "s"}]}], "command_template": null, "reverse_name": null, "reverse_command_template": null}}], "fail_events": [], "optional": false, "repeatable": false}, {"desc": "", "reward": 0, "commands": [], "win_events": [], "fail_events": [{"commands": [], "actions": [], "condition": {"name": "trigger", "preconditions": [{"name": "eaten", "arguments": [{"name": "f_3", "type": "f"}]}], "postconditions": [{"name": "eaten", "arguments": [{"name": "f_3", "type": "f"}]}, {"name": "event", "arguments": [{"name": "f_3", "type": "f"}]}], "command_template": null, "reverse_name": null, "reverse_command_template": null}}], "optional": false, "repeatable": false}], "infos": [["P", {"id": "P", "type": "P", "name": null, "noun": null, "adj": null, "desc": null, "room_type": "clean", "definite": null, "indefinite": null, "synonyms": null}], ["I", {"id": "I", "type": "I", "name": null, "noun": null, "adj": null, "desc": null, "room_type": null, "definite": null, "indefinite": null, "synonyms": null}], ["r_1", {"id": "r_1", "type": "r", "name": "kitchen", "noun": null, "adj": null, "desc": "Of every kitchen you could have shown up in, you had to come round an usual one. I guess you better just go and list everything you see here.\n\n You can see [if c_2 is locked]a locked[else if c_2 is open]an opened[otherwise]a closed[end if] refrigerator.[if c_2 is open and there is something in the c_2] The refrigerator contains [a list of things in the c_2].[end if][if c_2 is open and the c_2 contains nothing] The refrigerator is empty! What a waste of a day![end if] You see a counter. [if there is something on the s_1]On the counter you can make out [a list of things on the s_1].[end if][if there is nothing on the s_1]Looks like someone's already been here and taken everything off it, though. Sometimes, just sometimes, TextWorld can just be the worst.[end if] You can see a stove. [if there is something on the s_2]On the stove you can see [a list of things on the s_2]. There's something strange about this thing being here, but you don't have time to worry about that now.[end if][if there is nothing on the s_2]But the thing is empty, unfortunately.[end if] You make out a kitchen island. The kitchen island is typical.[if there is something on the s_3] On the kitchen island you make out [a list of things on the s_3].[end if][if there is nothing on the s_3] But there isn't a thing on it.[end if]\n\n There is [if d_1 is open]an open[otherwise]a closed[end if] screen door leading east. There is [if d_0 is open]an open[otherwise]a closed[end if] wooden door leading west. You need an unblocked exit? You should try going north. There is an unblocked exit to the south.", "room_type": "rest", "definite": null, "indefinite": null, "synonyms": null}], ["r_0", {"id": "r_0", "type": "r", "name": "bedroom", "noun": null, "adj": null, "desc": "You've just walked into a bedroom.\n\n You can make out [if c_0 is locked]a locked[else if c_0 is open]an opened[otherwise]a closed[end if] chest drawer.[if c_0 is open and there is something in the c_0] The chest drawer contains [a list of things in the c_0].[end if][if c_0 is open and the c_0 contains nothing] The chest drawer is empty, what a horrible day![end if] You can see [if c_1 is locked]a locked[else if c_1 is open]an opened[otherwise]a closed[end if] antique trunk here.[if c_1 is open and there is something in the c_1] The antique trunk contains [a list of things in the c_1]. You can't wait to tell the folks at home about this![end if][if c_1 is open and the c_1 contains nothing] What a letdown! The antique trunk is empty![end if] You bend down to tie your shoe. When you stand up, you notice a king-size bed. What a coincidence, weren't you just thinking about a king-size bed? The king-size bed is normal.[if there is something on the s_0] On the king-size bed you can make out [a list of things on the s_0].[end if][if there is nothing on the s_0] Unfortunately, there isn't a thing on it.[end if]\n\n There is [if d_0 is open]an open[otherwise]a closed[end if] wooden door leading east.", "room_type": "clean", "definite": null, "indefinite": null, "synonyms": null}], ["r_4", {"id": "r_4", "type": "r", "name": "backyard", "noun": null, "adj": null, "desc": "You find yourself in a backyard.\n\n You can make out a set of chairs. The set of chairs is normal.[if there is something on the s_10] On the set of chairs you make out [a list of things on the s_10].[end if][if there is nothing on the s_10] However, the set of chairs, like an empty set of chairs, has nothing on it.[end if] Look out! It's a- oh, never mind, it's just a bbq. [if there is something on the s_8]You see [a list of things on the s_8] on the bbq.[end if][if there is nothing on the s_8]But oh no! there's nothing on this piece of trash. Aw, here you were, all excited for there to be things on it![end if] You see a patio table! The patio table is typical.[if there is something on the s_9] On the patio table you see [a list of things on the s_9].[end if][if there is nothing on the s_9] However, the patio table, like an empty patio table, has nothing on it. It would have been so cool if there was stuff on the patio table.[end if]\n\n There is [if d_1 is open]an open[otherwise]a closed[end if] screen door leading west. There is an exit to the south. Don't worry, it is unblocked.", "room_type": "storage", "definite": null, "indefinite": null, "synonyms": null}], ["r_2", {"id": "r_2", "type": "r", "name": "living room", "noun": null, "adj": null, "desc": "Well I'll be, you are in the place we're calling the living room. You try to gain information on your surroundings by using a technique you call 'looking.'\n\n You see a couch. The couch is normal.[if there is something on the s_5] On the couch you see [a list of things on the s_5].[end if][if there is nothing on the s_5] Looks like someone's already been here and taken everything off it, though. It would have been so cool if there was stuff on the couch.[end if] You can see a low table. The low table is typical.[if there is something on the s_6] On the low table you can see [a list of things on the s_6].[end if][if there is nothing on the s_6] But oh no! there's nothing on this piece of garbage. This always happens![end if] Were you looking for a tv? Because look over there, it's a tv. [if there is something on the s_7]You see [a list of things on the s_7] on the tv. Wow! Just like in the movies![end if][if there is nothing on the s_7]But the thing is empty.[end if]\n\nThere is an unblocked exit to the north.", "room_type": "rest", "definite": null, "indefinite": null, "synonyms": null}], ["r_3", {"id": "r_3", "type": "r", "name": "bathroom", "noun": null, "adj": null, "desc": "Okay, so you're in a bathroom, cool, but is it typical? You better believe it is. The room seems oddly familiar, as though it were only superficially different from the other rooms in the building.\n\n You can make out [if c_3 is locked]a locked[else if c_3 is open]an opened[otherwise]a closed[end if] toilet right there by you.[if c_3 is open and there is something in the c_3] The toilet contains [a list of things in the c_3].[end if][if c_3 is open and the c_3 contains nothing] The toilet is empty! What a waste of a day![end if] You can make out a bath. You idly wonder how they came up with the name TextWorld for this place. It's pretty fitting.[if c_4 is open and there is something in the c_4] The bath contains [a list of things in the c_4]. Hmmm... what else, what else?[end if][if c_4 is open and the c_4 contains nothing] What a letdown! The bath is empty![end if] You see a sink. The sink is ordinary.[if there is something on the s_4] On the sink you see [a list of things on the s_4].[end if][if there is nothing on the s_4] But the thing is empty, unfortunately.[end if]\n\nYou don't like doors? Why not try going south, that entranceway is unguarded.", "room_type": "storage", "definite": null, "indefinite": null, "synonyms": null}], ["r_5", {"id": "r_5", "type": "r", "name": "garden", "noun": null, "adj": null, "desc": "Of every garden you could have shown up in, you had to show up in an ordinary one. You decide to start listing off everything you see in the room, as if you were in a text adventure.\n\n\n\nYou need an unguarded exit? You should try going north.", "room_type": "rest", "definite": null, "indefinite": null, "synonyms": null}], ["d_0", {"id": "d_0", "type": "d", "name": "wooden door", "noun": null, "adj": null, "desc": "it is what it is, a wooden door [if open]You can see inside it.[else if closed]You can't see inside it because the lid's in your way.[otherwise]There is a lock on it.[end if]", "room_type": "rest", "definite": null, "indefinite": null, "synonyms": null}], ["d_1", {"id": "d_1", "type": "d", "name": "screen door", "noun": null, "adj": null, "desc": "The screen door looks hefty. [if open]You can see inside it.[else if closed]You can't see inside it because the lid's in your way.[otherwise]There is a lock on it.[end if]", "room_type": "rest", "definite": null, "indefinite": null, "synonyms": null}], ["c_0", {"id": "c_0", "type": "c", "name": "chest drawer", "noun": null, "adj": null, "desc": "The chest drawer looks strong, and impossible to break. [if open]It is open.[else if closed]It is closed.[otherwise]It is locked.[end if]", "room_type": "clean", "definite": null, "indefinite": null, "synonyms": null}], ["c_1", {"id": "c_1", "type": "c", "name": "antique trunk", "noun": null, "adj": null, "desc": "The antique trunk looks strong, and impossible to break. [if open]You can see inside it.[else if closed]You can't see inside it because the lid's in your way.[otherwise]There is a lock on it.[end if]", "room_type": "clean", "definite": null, "indefinite": null, "synonyms": null}], ["c_2", {"id": "c_2", "type": "c", "name": "refrigerator", "noun": null, "adj": null, "desc": "The refrigerator looks strong, and impossible to crack. [if open]It is open.[else if closed]It is closed.[otherwise]It is locked.[end if]", "room_type": "rest", "definite": null, "indefinite": null, "synonyms": null}], ["c_3", {"id": "c_3", "type": "c", "name": "toilet", "noun": null, "adj": null, "desc": "The toilet looks strong, and impossible to crack. [if open]You can see inside it.[else if closed]You can't see inside it because the lid's in your way.[otherwise]There is a lock on it.[end if]", "room_type": "storage", "definite": null, "indefinite": null, "synonyms": null}], ["c_4", {"id": "c_4", "type": "c", "name": "bath", "noun": null, "adj": null, "desc": "The bath looks strong, and impossible to destroy. [if open]You can see inside it.[else if closed]You can't see inside it because the lid's in your way.[otherwise]There is a lock on it.[end if]", "room_type": "storage", "definite": null, "indefinite": null, "synonyms": null}], ["f_3", {"id": "f_3", "type": "f", "name": "apple", "noun": null, "adj": null, "desc": "that's an usual apple!", "room_type": "rest", "definite": null, "indefinite": null, "synonyms": null}], ["f_4", {"id": "f_4", "type": "f", "name": "half of a bag of chips", "noun": null, "adj": null, "desc": "that's a typical half of a bag of chips!", "room_type": "rest", "definite": null, "indefinite": null, "synonyms": null}], ["f_5", {"id": "f_5", "type": "f", "name": "lettuce", "noun": null, "adj": null, "desc": "that's an usual lettuce!", "room_type": "rest", "definite": null, "indefinite": null, "synonyms": null}], ["o_3", {"id": "o_3", "type": "o", "name": "shovel", "noun": null, "adj": null, "desc": "The shovel appears to be well matched to everything else here", "room_type": "rest", "definite": null, "indefinite": null, "synonyms": null}], ["s_0", {"id": "s_0", "type": "s", "name": "king-size bed", "noun": null, "adj": null, "desc": "The king-size bed is balanced.", "room_type": "clean", "definite": null, "indefinite": null, "synonyms": null}], ["s_1", {"id": "s_1", "type": "s", "name": "counter", "noun": null, "adj": null, "desc": "The counter is wobbly.", "room_type": "rest", "definite": null, "indefinite": null, "synonyms": null}], ["s_10", {"id": "s_10", "type": "s", "name": "set of chairs", "noun": null, "adj": null, "desc": "The set of chairs is solidly built.", "room_type": "storage", "definite": null, "indefinite": null, "synonyms": null}], ["s_2", {"id": "s_2", "type": "s", "name": "stove", "noun": null, "adj": null, "desc": "The stove is reliable.", "room_type": "rest", "definite": null, "indefinite": null, "synonyms": null}], ["s_3", {"id": "s_3", "type": "s", "name": "kitchen island", "noun": null, "adj": null, "desc": "The kitchen island is shaky.", "room_type": "rest", "definite": null, "indefinite": null, "synonyms": null}], ["s_4", {"id": "s_4", "type": "s", "name": "sink", "noun": null, "adj": null, "desc": "The sink is stable.", "room_type": "storage", "definite": null, "indefinite": null, "synonyms": null}], ["s_5", {"id": "s_5", "type": "s", "name": "couch", "noun": null, "adj": null, "desc": "The couch is reliable.", "room_type": "rest", "definite": null, "indefinite": null, "synonyms": null}], ["s_6", {"id": "s_6", "type": "s", "name": "low table", "noun": null, "adj": null, "desc": "The low table is stable.", "room_type": "rest", "definite": null, "indefinite": null, "synonyms": null}], ["s_7", {"id": "s_7", "type": "s", "name": "tv", "noun": null, "adj": null, "desc": "The tv is solidly built.", "room_type": "rest", "definite": null, "indefinite": null, "synonyms": null}], ["s_8", {"id": "s_8", "type": "s", "name": "bbq", "noun": null, "adj": null, "desc": "The bbq is shaky.", "room_type": "storage", "definite": null, "indefinite": null, "synonyms": null}], ["s_9", {"id": "s_9", "type": "s", "name": "patio table", "noun": null, "adj": null, "desc": "The patio table is undependable.", "room_type": "storage", "definite": null, "indefinite": null, "synonyms": null}], ["f_0", {"id": "f_0", "type": "f", "name": "bell pepper", "noun": null, "adj": null, "desc": "You couldn't pay me to eat that ordinary thing.", "room_type": "rest", "definite": null, "indefinite": null, "synonyms": null}], ["f_1", {"id": "f_1", "type": "f", "name": "tomato plant", "noun": null, "adj": null, "desc": "You couldn't pay me to eat that ordinary thing.", "room_type": "rest", "definite": null, "indefinite": null, "synonyms": null}], ["f_2", {"id": "f_2", "type": "f", "name": "milk", "noun": null, "adj": null, "desc": "You couldn't pay me to eat that ordinary thing.", "room_type": "rest", "definite": null, "indefinite": null, "synonyms": null}], ["k_0", {"id": "k_0", "type": "k", "name": "old key", "noun": null, "adj": null, "desc": "The old key is cold to the touch", "room_type": "clean", "definite": null, "indefinite": null, "synonyms": null}], ["o_1", {"id": "o_1", "type": "o", "name": "soap bar", "noun": null, "adj": null, "desc": "The soap bar is well-used.", "room_type": "storage", "definite": null, "indefinite": null, "synonyms": null}], ["o_0", {"id": "o_0", "type": "o", "name": "toothbrush", "noun": null, "adj": null, "desc": "The toothbrush appears to be well matched to everything else here", "room_type": "storage", "definite": null, "indefinite": null, "synonyms": null}], ["o_2", {"id": "o_2", "type": "o", "name": "remote", "noun": null, "adj": null, "desc": "The remote appears out of place here", "room_type": "rest", "definite": null, "indefinite": null, "synonyms": null}], ["o_4", {"id": "o_4", "type": "o", "name": "note", "noun": null, "adj": null, "desc": "The dinner is almost ready! It's only missing a grilled apple.", "room_type": "rest", "definite": null, "indefinite": null, "synonyms": null}]], "KB": {"logic": "# supporter\ntype s : t {\n    predicates {\n        on(o, s);\n    }\n\n    inform7 {\n        type {\n            kind :: \"supporter\";\n            definition :: \"supporters are fixed in place.\";\n        }\n\n        predicates {\n            on(o, s) :: \"The {o} is on the {s}\";\n        }\n    }\n}\n\n# thing\ntype t {\n    rules {\n        examine/t :: at(P, r) & $at(t, r) -> at(P, r);\n    }\n\n    reverse_rules {\n        examine/t :: examine/t;\n    }\n\n    inform7 {\n        type {\n            kind :: \"thing\";\n        }\n\n        commands {\n            examine/t :: \"examine {t}\" :: \"examining the {t}\";\n        }\n    }\n}\n\n# room\ntype r {\n    predicates {\n        at(P, r);\n        at(t, r);\n\n        north_of(r, r);\n        west_of(r, r);\n\n        north_of/d(r, d, r);\n        west_of/d(r, d, r);\n\n        free(r, r);\n\n        south_of(r, r') = north_of(r', r);\n        east_of(r, r') = west_of(r', r);\n\n        south_of/d(r, d, r') = north_of/d(r', d, r);\n        east_of/d(r, d, r') = west_of/d(r', d, r);\n    }\n\n    rules {\n        go/north :: at(P, r) & $north_of(r', r) & $free(r, r') & $free(r', r) -> at(P, r');\n        go/south :: at(P, r) & $south_of(r', r) & $free(r, r') & $free(r', r) -> at(P, r');\n        go/east  :: at(P, r) & $east_of(r', r) & $free(r, r') & $free(r', r) -> at(P, r');\n        go/west  :: at(P, r) & $west_of(r', r) & $free(r, r') & $free(r', r) -> at(P, r');\n    }\n\n    reverse_rules {\n        go/north :: go/south;\n        go/west :: go/east;\n    }\n\n    constraints {\n        r1 :: at(P, r) & at(P, r') -> fail();\n        r2 :: at(s, r) & at(s, r') -> fail();\n        r3 :: at(c, r) & at(c, r') -> fail();\n\n        # An exit direction can only lead to one room.\n        nav_rr1 :: north_of(r, r') & north_of(r'', r') -> fail();\n        nav_rr2 :: south_of(r, r') & south_of(r'', r') -> fail();\n        nav_rr3 :: east_of(r, r') & east_of(r'', r') -> fail();\n        nav_rr4 :: west_of(r, r') & west_of(r'', r') -> fail();\n\n        # Two rooms can only be connected once with each other.\n        nav_rrA :: north_of(r, r') & south_of(r, r') -> fail();\n        nav_rrB :: north_of(r, r') & west_of(r, r') -> fail();\n        nav_rrC :: north_of(r, r') & east_of(r, r') -> fail();\n        nav_rrD :: south_of(r, r') & west_of(r, r') -> fail();\n        nav_rrE :: south_of(r, r') & east_of(r, r') -> fail();\n        nav_rrF :: west_of(r, r')  & east_of(r, r') -> fail();\n    }\n\n    inform7 {\n        type {\n            kind :: \"room\";\n        }\n\n        predicates {\n            at(P, r) :: \"The player is in {r}\";\n            at(t, r) :: \"The {t} is in {r}\";\n            free(r, r') :: \"\";  # No equivalent in Inform7.\n\n            north_of(r, r') :: \"The {r} is mapped north of {r'}\";\n            south_of(r, r') :: \"The {r} is mapped south of {r'}\";\n            east_of(r, r') :: \"The {r} is mapped east of {r'}\";\n            west_of(r, r') :: \"The {r} is mapped west of {r'}\";\n\n            north_of/d(r, d, r') :: \"South of {r} and north of {r'} is a door called {d}\";\n            south_of/d(r, d, r') :: \"North of {r} and south of {r'} is a door called {d}\";\n            east_of/d(r, d, r') :: \"West of {r} and east of {r'} is a door called {d}\";\n            west_of/d(r, d, r') :: \"East of {r} and west of {r'} is a door called {d}\";\n        }\n\n        commands {\n            go/north :: \"go north\" :: \"going north\";\n            go/south :: \"go south\" :: \"going south\";\n            go/east :: \"go east\" :: \"going east\";\n            go/west :: \"go west\" :: \"going west\";\n        }\n    }\n}\n\n# container\ntype c : t {\n    predicates {\n        open(c);\n        closed(c);\n        locked(c);\n\n        in(o, c);\n    }\n\n    rules {\n        lock/c   :: $at(P, r) & $at(c, r) & $in(k, I) & $match(k, c) & closed(c) -> locked(c);\n        unlock/c :: $at(P, r) & $at(c, r) & $in(k, I) & $match(k, c) & locked(c) -> closed(c);\n\n        open/c  :: $at(P, r) & $at(c, r) & closed(c) -> open(c);\n        close/c :: $at(P, r) & $at(c, r) & open(c) -> closed(c);\n    }\n\n    reverse_rules {\n        lock/c :: unlock/c;\n        open/c :: close/c;\n    }\n\n    constraints {\n        c1 :: open(c)   & closed(c) -> fail();\n        c2 :: open(c)   & locked(c) -> fail();\n        c3 :: closed(c) & locked(c) -> fail();\n    }\n\n    inform7 {\n        type {\n            kind :: \"container\";\n            definition :: \"containers are openable, lockable and fixed in place. containers are usually closed.\";\n        }\n\n        predicates {\n            open(c) :: \"The {c} is open\";\n            closed(c) :: \"The {c} is closed\";\n            locked(c) :: \"The {c} is locked\";\n\n            in(o, c) :: \"The {o} is in the {c}\";\n        }\n\n        commands {\n            open/c :: \"open {c}\" :: \"opening the {c}\";\n            close/c :: \"close {c}\" :: \"closing the {c}\";\n\n            lock/c :: \"lock {c} with {k}\" :: \"locking the {c} with the {k}\";\n            unlock/c :: \"unlock {c} with {k}\" :: \"unlocking the {c} with the {k}\";\n        }\n    }\n}\n\n# key\ntype k : o {\n    predicates {\n        match(k, c);\n        match(k, d);\n    }\n\n    constraints {\n        k1 :: match(k, c) & match(k', c) -> fail();\n        k2 :: match(k, c) & match(k, c') -> fail();\n        k3 :: match(k, d) & match(k', d) -> fail();\n        k4 :: match(k, d) & match(k, d') -> fail();\n    }\n\n    inform7 {\n        type {\n            kind :: \"key\";\n        }\n\n        predicates {\n            match(k, c) :: \"The matching key of the {c} is the {k}\";\n            match(k, d) :: \"The matching key of the {d} is the {k}\";\n        }\n    }\n}\n\n# Inventory\ntype I {\n    predicates {\n        in(o, I);\n    }\n\n    rules {\n        inventory :: at(P, r) -> at(P, r);  # Nothing changes.\n\n        take :: $at(P, r) & at(o, r) -> in(o, I);\n        drop :: $at(P, r) & in(o, I) -> at(o, r);\n\n        take/c :: $at(P, r) & $at(c, r) & $open(c) & in(o, c) -> in(o, I);\n        insert :: $at(P, r) & $at(c, r) & $open(c) & in(o, I) -> in(o, c);\n\n        take/s :: $at(P, r) & $at(s, r) & on(o, s) -> in(o, I);\n        put    :: $at(P, r) & $at(s, r) & in(o, I) -> on(o, s);\n\n        examine/I :: in(o, I) -> in(o, I);  # Nothing changes.\n        examine/s :: at(P, r) & $at(s, r) & $on(o, s) -> at(P, r);  # Nothing changes.\n        examine/c :: at(P, r) & $at(c, r) & $open(c) & $in(o, c) -> at(P, r);  # Nothing changes.\n    }\n\n    reverse_rules {\n        inventory :: inventory;\n\n        take :: drop;\n        take/c :: insert;\n        take/s :: put;\n\n        examine/I :: examine/I;\n        examine/s :: examine/s;\n        examine/c :: examine/c;\n    }\n\n    inform7 {\n        predicates {\n            in(o, I) :: \"The player carries the {o}\";\n        }\n\n        commands {\n            take :: \"take {o}\" :: \"taking the {o}\";\n            drop :: \"drop {o}\" :: \"dropping the {o}\";\n\n            take/c :: \"take {o} from {c}\" :: \"removing the {o} from the {c}\";\n            insert :: \"insert {o} into {c}\" :: \"inserting the {o} into the {c}\";\n\n            take/s :: \"take {o} from {s}\" :: \"removing the {o} from the {s}\";\n            put :: \"put {o} on {s}\" :: \"putting the {o} on the {s}\";\n\n            inventory :: \"inventory\" :: \"taking inventory\";\n\n            examine/I :: \"examine {o}\" :: \"examining the {o}\";\n            examine/s :: \"examine {o}\" :: \"examining the {o}\";\n            examine/c :: \"examine {o}\" :: \"examining the {o}\";\n        }\n    }\n}\n\n# Player\ntype P {\n    rules {\n        look :: at(P, r) -> at(P, r);  # Nothing changes.\n    }\n\n    reverse_rules {\n        look :: look;\n    }\n\n    inform7 {\n        commands {\n            look :: \"look\" :: \"looking\";\n        }\n    }\n}\n\n# object\ntype o : t {\n    constraints {\n        obj1 :: in(o, I) & in(o, c) -> fail();\n        obj2 :: in(o, I) & on(o, s) -> fail();\n        obj3 :: in(o, I) & at(o, r) -> fail();\n        obj4 :: in(o, c) & on(o, s) -> fail();\n        obj5 :: in(o, c) & at(o, r) -> fail();\n        obj6 :: on(o, s) & at(o, r) -> fail();\n        obj7 :: at(o, r) & at(o, r') -> fail();\n        obj8 :: in(o, c) & in(o, c') -> fail();\n        obj9 :: on(o, s) & on(o, s') -> fail();\n    }\n\n    inform7 {\n        type {\n            kind :: \"object-like\";\n            definition :: \"object-like is portable.\";\n        }\n    }\n}\n\n# food\ntype f : o {\n    predicates {\n        edible(f);\n        eaten(f);\n    }\n\n    rules {\n        eat :: in(f, I) -> eaten(f);\n    }\n\n    constraints {\n        eaten1 :: eaten(f) & in(f, I) -> fail();\n        eaten2 :: eaten(f) & in(f, c) -> fail();\n        eaten3 :: eaten(f) & on(f, s) -> fail();\n        eaten4 :: eaten(f) & at(f, r) -> fail();\n    }\n\n    inform7 {\n        type {\n            kind :: \"food\";\n            definition :: \"food is edible.\";\n        }\n\n        predicates {\n            edible(f) :: \"The {f} is edible\";\n            eaten(f) :: \"The {f} is nowhere\";\n        }\n\n        commands {\n            eat :: \"eat {f}\" :: \"eating the {f}\";\n        }\n    }\n}\n\n# door\ntype d : t {\n    predicates {\n        open(d);\n        closed(d);\n        locked(d);\n\n        link(r, d, r);\n    }\n\n    rules {\n        lock/d   :: $at(P, r) & $link(r, d, r') & $link(r', d, r) & $in(k, I) & $match(k, d) & closed(d) -> locked(d);\n        unlock/d :: $at(P, r) & $link(r, d, r') & $link(r', d, r) & $in(k, I) & $match(k, d) & locked(d) -> closed(d);\n\n        open/d   :: $at(P, r) & $link(r, d, r') & $link(r', d, r) & closed(d) -> open(d) & free(r, r') & free(r', r);\n        close/d  :: $at(P, r) & $link(r, d, r') & $link(r', d, r) & open(d) & free(r, r') & free(r', r) -> closed(d);\n\n        examine/d :: at(P, r) & $link(r, d, r') -> at(P, r);  # Nothing changes.\n    }\n\n    reverse_rules {\n        lock/d :: unlock/d;\n        open/d :: close/d;\n\n        examine/d :: examine/d;\n    }\n\n    constraints {\n        d1 :: open(d)   & closed(d) -> fail();\n        d2 :: open(d)   & locked(d) -> fail();\n        d3 :: closed(d) & locked(d) -> fail();\n\n        # A door can't be used to link more than two rooms.\n        link1 :: link(r, d, r') & link(r, d, r'') -> fail();\n        link2 :: link(r, d, r') & link(r'', d, r''') -> fail();\n\n        # There's already a door linking two rooms.\n        link3 :: link(r, d, r') & link(r, d', r') -> fail();\n\n        # There cannot be more than four doors in a room.\n        too_many_doors :: link(r, d1: d, r1: r) & link(r, d2: d, r2: r) & link(r, d3: d, r3: r) & link(r, d4: d, r4: r) & link(r, d5: d, r5: r) -> fail();\n\n        # There cannot be more than four doors in a room.\n        dr1 :: free(r, r1: r) & link(r, d2: d, r2: r) & link(r, d3: d, r3: r) & link(r, d4: d, r4: r) & link(r, d5: d, r5: r) -> fail();\n        dr2 :: free(r, r1: r) & free(r, r2: r) & link(r, d3: d, r3: r) & link(r, d4: d, r4: r) & link(r, d5: d, r5: r) -> fail();\n        dr3 :: free(r, r1: r) & free(r, r2: r) & free(r, r3: r) & link(r, d4: d, r4: r) & link(r, d5: d, r5: r) -> fail();\n        dr4 :: free(r, r1: r) & free(r, r2: r) & free(r, r3: r) & free(r, r4: r) & link(r, d5: d, r5: r) -> fail();\n\n        free1 :: link(r, d, r') & free(r, r') & closed(d) -> fail();\n        free2 :: link(r, d, r') & free(r, r') & locked(d) -> fail();\n    }\n\n    inform7 {\n        type {\n            kind :: \"door\";\n            definition :: \"door is openable and lockable.\";\n        }\n\n        predicates {\n            open(d) :: \"The {d} is open\";\n            closed(d) :: \"The {d} is closed\";\n            locked(d) :: \"The {d} is locked\";\n            link(r, d, r') :: \"\";  # No equivalent in Inform7.\n        }\n\n        commands {\n            open/d :: \"open {d}\" :: \"opening {d}\";\n            close/d :: \"close {d}\" :: \"closing {d}\";\n\n            unlock/d :: \"unlock {d} with {k}\" :: \"unlocking {d} with the {k}\";\n            lock/d :: \"lock {d} with {k}\" :: \"locking {d} with the {k}\";\n\n            examine/d :: \"examine {d}\" :: \"examining {d}\";\n        }\n    }\n}\n\n", "text_grammars_path": "/Users/jasminewang/opt/anaconda3/envs/FPenv/lib/python3.10/site-packages/textworld/challenges/tw_simple/textworld_data/text_grammars"}, "metadata": {"walkthrough": ["open chest drawer", "take old key from chest drawer", "unlock wooden door with old key", "open wooden door", "go east", "open screen door", "go east", "go south", "take apple", "go north", "go west", "put apple on stove"], "desc": "Simple game", "seeds": {"map": 63251, "objects": 7242, "quest": 61295, "grammar": 40085}, "world_size": 6, "quest_length": null, "uuid": "tw-simple-rSparse+gDetailed+train-house-GP-aMq9U18aFMlOHVEe"}, "objective": "Welcome to TextWorld! Here is your task for today. First, it would be a great idea if you could look and see that the chest drawer inside the bedroom is ajar. And then, recover the old key from the chest drawer. Then, doublecheck that the wooden door within the bedroom is unlocked with the old key. Then, open the wooden door in the bedroom. Having pulled open the wooden door, travel east. After that, open the screen door inside the kitchen. After pulling open the screen door, attempt to move east. Okay, and then, make an effort to go south. Next, pick up the apple from the floor of the garden. Then, make an attempt to venture north. Then, go west. Then, place the apple on the stove. And once you've done that, you win!"}